<?xml version='1.0' encoding='UTF-8'?>

<!DOCTYPE properties SYSTEM 'http://java.sun.com/dtd/properties.dtd'>

<properties>

    <entry key="config.default">./setup/default.xml</entry>

    <entry key='web.path'>./traccar-web/web</entry>
    <entry key='web.debug'>true</entry>
    <entry key='web.console'>true</entry>

    <entry key='geocoder.enable'>false</entry>

    <entry key='logger.file'>target/tracker-server.log</entry>

    <entry key='database.driver'>org.h2.Driver</entry>
    <entry key='database.url'>jdbc:h2:./target/database</entry>
    <entry key='database.user'>sa</entry>
    <entry key='database.password'></entry>

    <entry key='intellitrac.port'>6037</entry>

</properties>
